Summary,Issue key,Issue id,Issue Type,Status,Project key,Project name,Project type,Project lead,Project lead id,Project description,Priority,Resolution,Assignee,Assignee Id,Reporter,Reporter Id,Creator,Creator Id,Created,Updated,Last Viewed,Resolved,Due date,Votes,Labels,Description,Environment,Watchers,Watchers Id,Original estimate,Remaining Estimate,Time Spent,Work Ratio,Σ Original Estimate,Σ Remaining Estimate,Σ Time Spent,Security Level,Inward issue link (Blocks),Inward issue link (Blocks),Inward issue link (Blocks),Inward issue link (Blocks),Inward issue link (Blocks),Inward issue link (Blocks),Inward issue link (Blocks),Inward issue link (Blocks),Inward issue link (Blocks),Inward issue link (Blocks),Inward issue link (Blocks),Inward issue link (Blocks),Inward issue link (Blocks),Inward issue link (Blocks),Inward issue link (Blocks),Inward issue link (Blocks),Inward issue link (Blocks),Inward issue link (Blocks),Inward issue link (Blocks),Inward issue link (Blocks),Inward issue link (Blocks),Inward issue link (Blocks),Outward issue link (Blocks),Attachment,Attachment,Custom field (Actual Result),Custom field (Actual end),Custom field (Actual start),Custom field (Change reason),Custom field (Change risk),Custom field (Change type),Custom field (Compass),Custom field (Development),Custom field (Epic Color),Custom field (Epic Link),Epic Link Summary,Custom field (Epic Name),Custom field (Epic Status),Custom field (Expected Result),Custom field (Impact),Custom field (Issue color),Custom field (Locked forms),Custom field (Open forms),Custom field (Rank),Custom field (Request Type),Sprint,Custom field (Start date),Custom field (Story Points),Custom field (Story point estimate),Custom field (Submitted forms),Custom field (Target end),Custom field (Target start),Custom field (Team),Custom field (Test Level),Custom field (Test Step),Custom field (Testcase Result),Custom field (Total forms),Custom field ([CHART] Date of First Response),Status Category
SY-D 24-Delete- Delete product,N5-81,10554,Story,To Do,N5,N5_CT21CT04,software,Thuận Quang,629f6882d442e600684137ca,,Medium,,,,Minh cong,62980c5dc3dffc0068f5bc00,Minh cong,62980c5dc3dffc0068f5bc00,06/Feb/23 11:22 AM,06/Feb/23 11:22 AM,06/Feb/23 11:23 AM,,,0,Xóa,,,Minh cong,62980c5dc3dffc0068f5bc00,,,,,,,,,,,,,,,,,,,,,,,,,,,,,,,,,,Displayed on the interface,,,,,,,,,N5-5,Xóa,,,Displayed on the interface,,,,,0|i003an:,,BN Sprint 2,,,,,,,,System,B1 add product B2 Delete product ,Pass,,,To Do
IT - D 24 - Delete - Delete product,N5-80,10553,Story,To Do,N5,N5_CT21CT04,software,Thuận Quang,629f6882d442e600684137ca,,Medium,,,,phuongg lee,62980ce6a0eafd0069e8d5a0,phuongg lee,62980ce6a0eafd0069e8d5a0,06/Feb/23 11:22 AM,06/Feb/23 11:22 AM,06/Feb/23 11:23 AM,,,0,deleteproduct,Delete - Delete product,,phuongg lee,62980ce6a0eafd0069e8d5a0,,,,,,,,,,,,,,,,,,,,,,,,,,,,,,,,,,Displayed on the interface,,,,,,,,,N5-5,Xóa,,,,,,,,0|i003af:,,BN Sprint 3,,,,,,,,Integration,"1. add product 
2. Delete product",Pass,,,To Do
U-BP 25 -Buy product- Buy product,N5-79,10552,Story,To Do,N5,N5_CT21CT04,software,Thuận Quang,629f6882d442e600684137ca,,Medium,,,,Phuc Mai,629810e7cd636500697caeb0,Phuc Mai,629810e7cd636500697caeb0,06/Feb/23 11:21 AM,06/Feb/23 11:21 AM,06/Feb/23 11:23 AM,,,0,buyproduct,,,Phuc Mai,629810e7cd636500697caeb0,,,,,,,,,,,,,,,,,,,,,,,,,,,,,,,N5-7,06/Feb/23 11:19 AM;ug:2044195a-f36f-493c-87d2-070fe831c35d;z4087595101136_dc4c2739e5a97f814a288e9ef645b12c.jpg;https://lequangthuan.atlassian.net/secure/attachment/10200/z4087595101136_dc4c2739e5a97f814a288e9ef645b12c.jpg,,Your order has been successfully placed,,,,,,,,,N5-7,Mua Hàng,,,Your order has been successfully placed,,,,,0|i003a7:,,BN Sprint 1,,,,,,,,Unit,"B1 enter info oder,B2 enter",Pass,,,To Do
 IT - E 23 - Edit - Edit product size,N5-78,10551,Story,To Do,N5,N5_CT21CT04,software,Thuận Quang,629f6882d442e600684137ca,,Medium,,,,phuongg lee,62980ce6a0eafd0069e8d5a0,phuongg lee,62980ce6a0eafd0069e8d5a0,06/Feb/23 11:20 AM,06/Feb/23 11:20 AM,06/Feb/23 11:23 AM,,,0,sửa,Edit - Edit product size,,phuongg lee,62980ce6a0eafd0069e8d5a0,,,,,,,,,,,,,,,,,,,,,,,,,,,,,,,N5-4,,,Errors checking successful,,,,,,,,,N5-4,Sửa,,,Show on interface,,,,,0|i0039z:,,,,,,,,,,Integration,,Skip,,,To Do
SY-E 23-Edit- Edit product size,N5-77,10550,Story,To Do,N5,N5_CT21CT04,software,Thuận Quang,629f6882d442e600684137ca,,Highest,,,,Minh cong,62980c5dc3dffc0068f5bc00,Minh cong,62980c5dc3dffc0068f5bc00,06/Feb/23 11:19 AM,06/Feb/23 11:19 AM,06/Feb/23 11:23 AM,,,0,sửa,,,Minh cong,62980c5dc3dffc0068f5bc00,,,,,,,,,,,,,,,,,,,,,,,,,,,,,,,N5-71,,,not on the system,,,,,,,,,N5-4,Sửa,,,Show on interface,,,,,0|i0039r:,,BN Sprint 2,,,,,,,,System,,Skip,,,To Do
IT - E 22 - Edit - Edit product quantity,N5-76,10549,Story,To Do,N5,N5_CT21CT04,software,Thuận Quang,629f6882d442e600684137ca,,Medium,,,,phuongg lee,62980ce6a0eafd0069e8d5a0,phuongg lee,62980ce6a0eafd0069e8d5a0,06/Feb/23 11:18 AM,06/Feb/23 11:18 AM,06/Feb/23 11:23 AM,,,0,sửa,Edit - Edit product quantity,,phuongg lee,62980ce6a0eafd0069e8d5a0,,,,,,,,,,,,,,,,,,,,,,,,,,,,,,,N5-4,,,Errors checking successful,,,,,,,,,N5-4,Sửa,,,Interface appears,,,,,0|i0039j:,,BN Sprint 3,,,,,,,,Integration,"1. Enter number
2. Check",Pass,,,To Do
SY-E 22-Edit- Edit product quantity,N5-75,10548,Story,To Do,N5,N5_CT21CT04,software,Thuận Quang,629f6882d442e600684137ca,,Medium,,,,Minh cong,62980c5dc3dffc0068f5bc00,Minh cong,62980c5dc3dffc0068f5bc00,06/Feb/23 11:17 AM,06/Feb/23 11:17 AM,06/Feb/23 11:23 AM,,,0,sửa,Edit product quantity,,Minh cong,62980c5dc3dffc0068f5bc00,,,,,,,,,,,,,,,,,,,,,,,,,,,,,,,N5-46,,,successful test,,,,,,,,,N5-4,Sửa,,,"Interface appears
",,,,,0|i0039b:,,BN Sprint 2,,,,,,,,System,"B1 Enter number,B2 check ",Pass,,,To Do
IT - SP 21 - Search products - Leave the search box blank,N5-74,10547,Story,To Do,N5,N5_CT21CT04,software,Thuận Quang,629f6882d442e600684137ca,,Medium,,,,phuongg lee,62980ce6a0eafd0069e8d5a0,phuongg lee,62980ce6a0eafd0069e8d5a0,06/Feb/23 11:16 AM,06/Feb/23 11:16 AM,06/Feb/23 11:23 AM,,,0,addtocart,Search products - Leave the search box blank,,phuongg lee,62980ce6a0eafd0069e8d5a0,,,,,,,,,,,,,,,,,,,,,,,,,,,,,,,N5-6,,,Errors checking successful,,,,,,,,,N5-6,Tìm kiếm sản phẩm,,,Please enter keywords to search,,,,,0|i00393:,,BN Sprint 3,,,,,,,,Integration,"1. Search product name and blank  and leave the search box blank
2. Check",Pass,,,To Do
U-D 24-Delete- Delete product,N5-73,10546,Story,To Do,N5,N5_CT21CT04,software,Thuận Quang,629f6882d442e600684137ca,,Medium,,,,Phuc Mai,629810e7cd636500697caeb0,Phuc Mai,629810e7cd636500697caeb0,06/Feb/23 11:15 AM,06/Feb/23 11:22 AM,06/Feb/23 11:23 AM,,,0,deleteproduct,,,Phuc Mai,629810e7cd636500697caeb0,,,,,,,,,,,,,,,,,,,,,,,,,,,,,,,N5-5,06/Feb/23 11:13 AM;ug:2044195a-f36f-493c-87d2-070fe831c35d;z4087577743504_b32af983c9b4ae19671c06b0ba0085b9.jpg;https://lequangthuan.atlassian.net/secure/attachment/10199/z4087577743504_b32af983c9b4ae19671c06b0ba0085b9.jpg,06/Feb/23 11:14 AM;ug:2044195a-f36f-493c-87d2-070fe831c35d;z4087579078942_f0e9873d305612a3c5c63cc4fb96d840.jpg;https://lequangthuan.atlassian.net/secure/attachment/10198/z4087579078942_f0e9873d305612a3c5c63cc4fb96d840.jpg,Displayed on the interface,,,,,,,,,N5-5,Xóa,,,Displayed on the interface,,,,,0|i0038v:,,,,,,,,,,Unit,B1 add product B2 Delete product ,Pass,,,To Do
IT - SP 20 - Search products - Imported but the product is not available,N5-72,10545,Story,To Do,N5,N5_CT21CT04,software,Thuận Quang,629f6882d442e600684137ca,,Medium,,,,phuongg lee,62980ce6a0eafd0069e8d5a0,phuongg lee,62980ce6a0eafd0069e8d5a0,06/Feb/23 11:11 AM,06/Feb/23 11:12 AM,06/Feb/23 11:23 AM,,,0,searchproduct,Search products - Imported but the product is not available,,phuongg lee,62980ce6a0eafd0069e8d5a0,,,,,,,,,,,,,,,,,,,,,,,,,,,,,,,N5-6,06/Feb/23 11:12 AM;ug:08efb4fd-f698-45da-a2c2-ac2962e4e722;dcbda8c1-3ccd-4b2c-856c-0fbb9e2e83c8.jpg;https://lequangthuan.atlassian.net/secure/attachment/10197/dcbda8c1-3ccd-4b2c-856c-0fbb9e2e83c8.jpg,,Errors checking successful,,,,,,,,,N5-6,Tìm kiếm sản phẩm,,,There are no products to search for,,,,,0|i0038n:,,BN Sprint 3,,,,,,,,Integration,"1. Write the name of the product you want to find
2. Check",Pass,,,To Do
U-E 23-Edit- Edit product size,N5-71,10544,Story,To Do,N5,N5_CT21CT04,software,Thuận Quang,629f6882d442e600684137ca,,Medium,,,,Phuc Mai,629810e7cd636500697caeb0,Phuc Mai,629810e7cd636500697caeb0,06/Feb/23 11:10 AM,06/Feb/23 11:19 AM,06/Feb/23 11:23 AM,,,0,sửa,,,Phuc Mai,629810e7cd636500697caeb0,,,,,,,,,N5-77,,,,,,,,,,,,,,,,,,,,,,N5-4,,,Show on interface,,,,,,,,,N5-4,Sửa,,,Show on interface,,,,,0|i0038f:,,,,,,,,,,Unit,,Skip,,,To Do
SY-SP 20 -Search products-Imported but the product is not available,N5-70,10543,Story,To Do,N5,N5_CT21CT04,software,Thuận Quang,629f6882d442e600684137ca,,Medium,,,,Minh cong,62980c5dc3dffc0068f5bc00,Minh cong,62980c5dc3dffc0068f5bc00,06/Feb/23 11:08 AM,06/Feb/23 11:08 AM,06/Feb/23 11:23 AM,,,0,CustomizedStatement,,,Minh cong,62980c5dc3dffc0068f5bc00,,,,,,,,,,,,,,,,,,,,,,,,,,,,,,,N5-6,,,"
There are no products to search for",,,,,,,,,N5-6,Tìm kiếm sản phẩm,,,"
There are no products to search for",,,,,0|i00387:,,BN Sprint 2,,,,,,,,System,"B1 Enter khoa,B2 click button search",Pass,,,To Do
U-E 22-Edit- Edit product quantity,N5-69,10542,Story,To Do,N5,N5_CT21CT04,software,Thuận Quang,629f6882d442e600684137ca,,Medium,,,,Phuc Mai,629810e7cd636500697caeb0,Phuc Mai,629810e7cd636500697caeb0,06/Feb/23 11:07 AM,06/Feb/23 11:16 AM,06/Feb/23 11:23 AM,,,0,sửa,,,Phuc Mai,629810e7cd636500697caeb0,,,,,,,,,,,,,,,,,,,,,,,,,,,,,,,N5-4,06/Feb/23 11:05 AM;ug:2044195a-f36f-493c-87d2-070fe831c35d;z4087552364579_23fdc1bac639afcdb78ec3cbfa2a24c9.jpg;https://lequangthuan.atlassian.net/secure/attachment/10196/z4087552364579_23fdc1bac639afcdb78ec3cbfa2a24c9.jpg,,Interface appears,,,,,,,,,N5-4,Sửa,,,Interface appears,,,,,0|i0037z:,,BN Sprint 1,,,,,,,,Unit,"B1 Enter number,B2 check ",Pass,,,To Do
IT - ATC 19 - Add to cart - Add price not less than 100,N5-68,10541,Story,To Do,N5,N5_CT21CT04,software,Thuận Quang,629f6882d442e600684137ca,,Highest,,,,phuongg lee,62980ce6a0eafd0069e8d5a0,phuongg lee,62980ce6a0eafd0069e8d5a0,06/Feb/23 11:06 AM,06/Feb/23 11:06 AM,06/Feb/23 11:23 AM,,,0,addtocart,Add to cart - Add price not less than 100,,phuongg lee,62980ce6a0eafd0069e8d5a0,,,,,,,,,,,,,,,,,,,,,,,,,,,,,,,N5-3,,,Does not exist on the system,,,,,,,,,N5-3,Thêm sản phẩm,,,Add to cart - Add price not less than 100,,,,,0|i0037r:,,BN Sprint 3,,,,,,,,Integration,,Skip,,,To Do
SY-ATC 19-Add to cart- Add price not less than 100,N5-67,10540,Story,To Do,N5,N5_CT21CT04,software,Thuận Quang,629f6882d442e600684137ca,,High,,,,Minh cong,62980c5dc3dffc0068f5bc00,Minh cong,62980c5dc3dffc0068f5bc00,06/Feb/23 11:05 AM,06/Feb/23 11:05 AM,06/Feb/23 11:23 AM,,,0,addtocart,,,Minh cong,62980c5dc3dffc0068f5bc00,,,,,,,,,,,,,,,,,,,,,,,,,,,,,,,N5-3,,,No actual result,,,,,,,,,N5-3,Thêm sản phẩm,,,Unreasonable price re-enter,,,,,0|i0037j:,,BN Sprint 2,,,,,,,,,,Skip,,,To Do
SY-ATC 18-Add to cart- Add products only admins have permission,N5-66,10539,Story,To Do,N5,N5_CT21CT04,software,Thuận Quang,629f6882d442e600684137ca,,Highest,,,,Minh cong,62980c5dc3dffc0068f5bc00,Minh cong,62980c5dc3dffc0068f5bc00,06/Feb/23 11:04 AM,06/Feb/23 11:04 AM,06/Feb/23 11:23 AM,,,0,addtocart,,,Minh cong,62980c5dc3dffc0068f5bc00,,,,,,,,,,,,,,,,,,,,,,,,,,,,,,,N5-3,,,No actual result,,,,,,,,,N5-3,Thêm sản phẩm,,,You do not have the right to edit the product,,,,,0|i0037b:,,BN Sprint 2,,,,,,,,,,Skip,,,To Do
IT - ATC 18 - Add to cart - Add products only admins have permission,N5-65,10538,Story,To Do,N5,N5_CT21CT04,software,Thuận Quang,629f6882d442e600684137ca,,Highest,,,,phuongg lee,62980ce6a0eafd0069e8d5a0,phuongg lee,62980ce6a0eafd0069e8d5a0,06/Feb/23 11:03 AM,06/Feb/23 11:03 AM,06/Feb/23 11:23 AM,,,0,addtocart,Add to cart - Add products only admins have permission,,phuongg lee,62980ce6a0eafd0069e8d5a0,,,,,,,,,,,,,,,,,,,,,,,,,,,,,,,N5-3,,,Does not exist on the system,,,,,,,,,N5-3,Thêm sản phẩm,,,Add to cart - Add products only admins have permission,,,,,0|i00373:,,BN Sprint 3,,,,,,,,Integration,,Skip,,,To Do
SY-ATC 17-Add to cart-Add product No product image,N5-64,10537,Story,To Do,N5,N5_CT21CT04,software,Thuận Quang,629f6882d442e600684137ca,,Highest,,,,Minh cong,62980c5dc3dffc0068f5bc00,Minh cong,62980c5dc3dffc0068f5bc00,06/Feb/23 11:02 AM,06/Feb/23 11:02 AM,06/Feb/23 11:23 AM,,,0,addtocart,Add product No product image,,Minh cong,62980c5dc3dffc0068f5bc00,,,,,,,,,,,,,,,,,,,,,,,,,,,,,,,N5-30,,,No actual result,,,,,,,,,N5-3,Thêm sản phẩm,,,No photos to add products,,,,,0|i0036v:,,BN Sprint 2,,,,,,,,System,,Skip,,,To Do
U-SP 21 -Search products-Leave the search box blank,N5-63,10536,Story,To Do,N5,N5_CT21CT04,software,Thuận Quang,629f6882d442e600684137ca,,Medium,,,,Phuc Mai,629810e7cd636500697caeb0,Phuc Mai,629810e7cd636500697caeb0,06/Feb/23 11:01 AM,06/Feb/23 11:16 AM,06/Feb/23 11:23 AM,,,0,searchproduct,,,Phuc Mai,629810e7cd636500697caeb0,,,,,,,,,,,,,,,,,,,,,,,,,,,,,,,N5-6,06/Feb/23 11:01 AM;ug:2044195a-f36f-493c-87d2-070fe831c35d;z4087520467418_b53668533fc0999523acd05ebbc4dc23.jpg;https://lequangthuan.atlassian.net/secure/attachment/10195/z4087520467418_b53668533fc0999523acd05ebbc4dc23.jpg,,Please enter keywords to search,,,,,,,,,N5-6,Tìm kiếm sản phẩm,,,Please enter keywords to search,,,,,0|i0036n:,,BN Sprint 1,,,,,,,,Unit,"B1 blank product, B2 enter",Pass,,,To Do
IT - ATC 17 - Add to cart - Add product No product image,N5-62,10535,Story,To Do,N5,N5_CT21CT04,software,Thuận Quang,629f6882d442e600684137ca,,Highest,,,,phuongg lee,62980ce6a0eafd0069e8d5a0,phuongg lee,62980ce6a0eafd0069e8d5a0,06/Feb/23 11:00 AM,06/Feb/23 11:00 AM,06/Feb/23 11:23 AM,,,0,addtocart,Add to cart - Add product No product image,,phuongg lee,62980ce6a0eafd0069e8d5a0,,,,,,,,,,,,,,,,,,,,,,,,,,,,,,,N5-3,,,Does not exist on the system,,,,,,,,,N5-3,Thêm sản phẩm,,,Add to cart - Add product No product image,,,,,0|i0036f:,,BN Sprint 3,,,,,,,,Integration,,Skip,,,To Do
SY-ATC 16-Add to cart-Add product no product info,N5-61,10534,Story,To Do,N5,N5_CT21CT04,software,Thuận Quang,629f6882d442e600684137ca,,Highest,,,,Minh cong,62980c5dc3dffc0068f5bc00,Minh cong,62980c5dc3dffc0068f5bc00,06/Feb/23 10:58 AM,06/Feb/23 10:58 AM,06/Feb/23 11:23 AM,,,0,addtocart,Add product no product info,,Minh cong,62980c5dc3dffc0068f5bc00,,,,,,,,,,,,,,,,,,,,,,,,,,,,,,,N5-30,,,No actual result,,,,,,,,,N5-3,Thêm sản phẩm,,,No product information,,,,,0|i00367:,,BN Sprint 2,,,,,,,,System,,Skip,,,To Do
IT - ATC 16 - Add to cart - Add product no product info,N5-60,10533,Story,To Do,N5,N5_CT21CT04,software,Thuận Quang,629f6882d442e600684137ca,,Highest,,,,phuongg lee,62980ce6a0eafd0069e8d5a0,phuongg lee,62980ce6a0eafd0069e8d5a0,06/Feb/23 10:57 AM,06/Feb/23 11:01 AM,06/Feb/23 11:23 AM,,,0,addtocart,Add to cart - Add product no product info,,phuongg lee,62980ce6a0eafd0069e8d5a0,,,,,,,,,,,,,,,,,,,,,,,,,,,,,,,N5-3,,,Does not exist on the system,,,,,,,,,N5-3,Thêm sản phẩm,,, Add to cart - Add product no product info,,,,,0|i0035z:,,BN Sprint 3,,,,,,,,Integration,,Skip,,,To Do
U-SP 20 -Search products-Imported but the product is not available,N5-59,10532,Story,To Do,N5,N5_CT21CT04,software,Thuận Quang,629f6882d442e600684137ca,,Medium,,,,Phuc Mai,629810e7cd636500697caeb0,Phuc Mai,629810e7cd636500697caeb0,06/Feb/23 10:57 AM,06/Feb/23 11:02 AM,06/Feb/23 11:23 AM,,,0,searchproduct,,,Phuc Mai,629810e7cd636500697caeb0,,,,,,,,,,,,,,,,,,,,,,,,,,,,,,,,06/Feb/23 10:54 AM;ug:2044195a-f36f-493c-87d2-070fe831c35d;z4087519369314_e29befd20d28cd863c33a643d2c43f13.jpg;https://lequangthuan.atlassian.net/secure/attachment/10194/z4087519369314_e29befd20d28cd863c33a643d2c43f13.jpg,,"
There are no products to search for",,,,,,,,,N5-6,Tìm kiếm sản phẩm,,,"
There are no products to search for",,,,,0|i0035r:,,BN Sprint 1,,,,,,,,Unit,"B1 Enter khoa,B2 click button search",Pass,,,To Do
IT - ATC 15 - Add to cart - Add product to cart,N5-58,10531,Story,To Do,N5,N5_CT21CT04,software,Thuận Quang,629f6882d442e600684137ca,,Medium,,,,phuongg lee,62980ce6a0eafd0069e8d5a0,phuongg lee,62980ce6a0eafd0069e8d5a0,06/Feb/23 10:54 AM,06/Feb/23 10:54 AM,06/Feb/23 11:23 AM,,,0,addtocart, Add to cart - Add product to cart,,phuongg lee,62980ce6a0eafd0069e8d5a0,,,,,,,,,,,,,,,,,,,,,,,,,,,,,,,N5-3,06/Feb/23 10:53 AM;ug:08efb4fd-f698-45da-a2c2-ac2962e4e722;image-20230206-035333.png;https://lequangthuan.atlassian.net/secure/attachment/10193/image-20230206-035333.png,,Error checking successful,,,,,,,,,N5-3,Thêm sản phẩm,,,Product added to cart,,,,,0|i0035j:,,BN Sprint 3,,,,,,,,Integration,"1. Choose product
2. Add to cart
3. Check",Skip,,,To Do
SY-L 10 Login - Passwords do not Match,N5-57,10530,Story,To Do,N5,N5_CT21CT04,software,Thuận Quang,629f6882d442e600684137ca,,Highest,,,,Minh cong,62980c5dc3dffc0068f5bc00,Minh cong,62980c5dc3dffc0068f5bc00,06/Feb/23 10:53 AM,06/Feb/23 10:53 AM,06/Feb/23 11:23 AM,,,0,Login,Passwords do not Match,,Minh cong,62980c5dc3dffc0068f5bc00,,,,,,,,,,,,,,,,,,,,,,,,,,,,,,,N5-16,,,No actual result,,,,,,,,,N5-1,LOGIN,,,Passwords do not Match,,,,,0|i0035b:,,BN Sprint 2,,,,,,,,System,,Skip,,,To Do
SY-L 9 Login - Confirm Password must not be blank,N5-56,10529,Story,To Do,N5,N5_CT21CT04,software,Thuận Quang,629f6882d442e600684137ca,,Highest,,,,Minh cong,62980c5dc3dffc0068f5bc00,Minh cong,62980c5dc3dffc0068f5bc00,06/Feb/23 10:52 AM,06/Feb/23 10:52 AM,06/Feb/23 11:23 AM,,,0,Login,Confirm Password must not be blank,,Minh cong,62980c5dc3dffc0068f5bc00,,,,,,,,,,,,,,,,,,,,,,,,,,,,,,,N5-16,,,No actial result,,,,,,,,,N5-1,LOGIN,,,Confirm Password must not be blank,,,,,0|i00353:,,BN Sprint 2,,,,,,,,System,,Skip,,,To Do
U-ATC 19-Add to cart- Add price not less than 100,N5-55,10528,Story,To Do,N5,N5_CT21CT04,software,Thuận Quang,629f6882d442e600684137ca,,Highest,,,,Phuc Mai,629810e7cd636500697caeb0,Phuc Mai,629810e7cd636500697caeb0,06/Feb/23 10:51 AM,06/Feb/23 11:06 AM,06/Feb/23 11:23 AM,,,0,addtocart,,,Phuc Mai,629810e7cd636500697caeb0,,,,,,,,,,,,,,,,,,,,,,,,,,,,,,,,,,No actual result,,,,,,,,,N5-3,Thêm sản phẩm,,,Unreasonable price re-enter,,,,,0|i0034v:,,BN Sprint 1,,,,,,,,Unit,,Skip,,,To Do
SY-L 8 Login - Choose a difficult Password,N5-54,10527,Story,To Do,N5,N5_CT21CT04,software,Thuận Quang,629f6882d442e600684137ca,,Highest,,,,Minh cong,62980c5dc3dffc0068f5bc00,Minh cong,62980c5dc3dffc0068f5bc00,06/Feb/23 10:50 AM,06/Feb/23 10:50 AM,06/Feb/23 11:23 AM,,,0,Login,Choose a difficult Password,,Minh cong,62980c5dc3dffc0068f5bc00,,,,,,,,,,,,,,,,,,,,,,,,,,,,,,,N5-1,,,No actual result,,,,,,,,,N5-1,LOGIN,,,Choose a difficult Password,,,,,0|i0034n:,,BN Sprint 2,,,,,,,,System,,Skip,,,To Do
IT - L 10 Login - Passwords do not Match,N5-53,10526,Story,To Do,N5,N5_CT21CT04,software,Thuận Quang,629f6882d442e600684137ca,,Highest,,,,phuongg lee,62980ce6a0eafd0069e8d5a0,phuongg lee,62980ce6a0eafd0069e8d5a0,06/Feb/23 10:48 AM,06/Feb/23 10:48 AM,06/Feb/23 11:23 AM,,,0,Login,Passwords do not Match,,phuongg lee,62980ce6a0eafd0069e8d5a0,,,,,,,,,,,,,,,,,,,,,,,,,,,,,,,N5-1,,,Does not exist on the system,,,,,,,,,N5-1,LOGIN,,,Errors appear : Passwords do not Match,,,,,0|i0034f:,,BN Sprint 3,,,,,,,,Integration,,Skip,,,To Do
SY-L 7 Login - Enter at-least one special character,N5-52,10525,Story,To Do,N5,N5_CT21CT04,software,Thuận Quang,629f6882d442e600684137ca,,Highest,,,,Minh cong,62980c5dc3dffc0068f5bc00,Minh cong,62980c5dc3dffc0068f5bc00,06/Feb/23 10:47 AM,06/Feb/23 10:47 AM,06/Feb/23 11:23 AM,,,0,Login,Enter at-least one special character,,Minh cong,62980c5dc3dffc0068f5bc00,,,,,,,,,,,,,,,,,,,,,,,,,,,,,,,N5-30,,,No actual result,,,,,,,,,N5-1,LOGIN,,,Enter at-least one special characte,,,,,0|i00347:,,BN Sprint 2,,,,,,,,System,,Skip,,,To Do
IT -L 9 Login - Confirm Password must not be blank,N5-51,10524,Story,To Do,N5,N5_CT21CT04,software,Thuận Quang,629f6882d442e600684137ca,,Medium,,,,phuongg lee,62980ce6a0eafd0069e8d5a0,phuongg lee,62980ce6a0eafd0069e8d5a0,06/Feb/23 10:46 AM,06/Feb/23 10:46 AM,06/Feb/23 11:23 AM,,,0,Login,Confirm Password must not be blank,,phuongg lee,62980ce6a0eafd0069e8d5a0,,,,,,,,,,,,,,,,,,,,,,,,,,,,,,,N5-1,,,Does not exist on the system,,,,,,,,,N5-1,LOGIN,,,Errors appear : Confirm Password must not be blank,,,,,0|i0033z:,,BN Sprint 3,,,,,,,,Integration,,Skip,,,To Do
U-ATC 18-Add to cart- Add products only admins have permission,N5-50,10523,Story,To Do,N5,N5_CT21CT04,software,Thuận Quang,629f6882d442e600684137ca,,Highest,,,,Phuc Mai,629810e7cd636500697caeb0,Phuc Mai,629810e7cd636500697caeb0,06/Feb/23 10:46 AM,06/Feb/23 10:46 AM,06/Feb/23 11:23 AM,,,0,addtocart,,,Phuc Mai,629810e7cd636500697caeb0,,,,,,,,,,,,,,,,,,,,,,,,,,,,,,,N5-3,,,No actual result,,,,,,,,,N5-3,Thêm sản phẩm,,,You do not have the right to edit the product,,,,,0|i0033r:,,BN Sprint 1,,,,,,,,Unit,,Skip,,,To Do
IT - L 8 Login - Choose a difficult Password,N5-49,10522,Story,To Do,N5,N5_CT21CT04,software,Thuận Quang,629f6882d442e600684137ca,,Highest,,,,phuongg lee,62980ce6a0eafd0069e8d5a0,phuongg lee,62980ce6a0eafd0069e8d5a0,06/Feb/23 10:44 AM,06/Feb/23 10:44 AM,06/Feb/23 11:23 AM,,,0,Login, Choose a difficult Password,,phuongg lee,62980ce6a0eafd0069e8d5a0,,,,,,,,,,,,,,,,,,,,,,,,,,,,,,,N5-1,,,Does not exist on the system,,,,,,,,,N5-1,LOGIN,,,Alert choose a difficult Password,,,,,0|i0033j:,,BN Sprint 3,,,,,,,,Integration,,Skip,,,To Do
U-ATC 17-Add to cart-Add product No product image,N5-48,10521,Story,To Do,N5,N5_CT21CT04,software,Thuận Quang,629f6882d442e600684137ca,,Highest,,,,Phuc Mai,629810e7cd636500697caeb0,Phuc Mai,629810e7cd636500697caeb0,06/Feb/23 10:42 AM,06/Feb/23 10:43 AM,06/Feb/23 11:23 AM,,,0,addtocart,,,Phuc Mai,629810e7cd636500697caeb0,,,,,,,,,,,,,,,,,,,,,,,,,,,,,,,N5-3,,,No actual result,,,,,,,,,N5-3,Thêm sản phẩm,,,No photos to add products,,,,,0|i0033b:,,BN Sprint 1,,,,,,,,Unit,,Skip,,,To Do
IT - L 7 Login - Enter at least one special character,N5-47,10520,Story,To Do,N5,N5_CT21CT04,software,Thuận Quang,629f6882d442e600684137ca,,Highest,,,,phuongg lee,62980ce6a0eafd0069e8d5a0,phuongg lee,62980ce6a0eafd0069e8d5a0,06/Feb/23 10:40 AM,06/Feb/23 10:40 AM,06/Feb/23 11:23 AM,,,0,Login, Enter at least one special character,,phuongg lee,62980ce6a0eafd0069e8d5a0,,,,,,,,,,,,,,,,,,,,,,,,,,,,,,,N5-1,,,Does not exist on the system,,,,,,,,,N5-1,LOGIN,,,Notify enter at least one special character,,,,,0|i00333:,,BN Sprint 3,,,,,,,,Integration,,Skip,,,To Do
SY-L 6 Login - Enter at-least one numeric value,N5-46,10519,Story,To Do,N5,N5_CT21CT04,software,Thuận Quang,629f6882d442e600684137ca,,Highest,,,,Minh cong,62980c5dc3dffc0068f5bc00,Minh cong,62980c5dc3dffc0068f5bc00,06/Feb/23 10:39 AM,06/Feb/23 11:17 AM,06/Feb/23 11:23 AM,,,0,Login,Enter at-least one numeric value,,Minh cong,62980c5dc3dffc0068f5bc00,,,,,,,,,N5-75,,,,,,,,,,,,,,,,,,,,,,,,,"

No actual resutl",,,,,,,,,,,,,Enter at-least one numeric value,,,,,0|i0032v:,,,,,,,,,,,,Skip,,,To Do
U-ATC 16-Add to cart-Add product no product info,N5-45,10518,Story,To Do,N5,N5_CT21CT04,software,Thuận Quang,629f6882d442e600684137ca,,Highest,,,,Phuc Mai,629810e7cd636500697caeb0,Phuc Mai,629810e7cd636500697caeb0,06/Feb/23 10:38 AM,06/Feb/23 10:42 AM,06/Feb/23 10:42 AM,,,0,addtocart,,,Phuc Mai,629810e7cd636500697caeb0,,,,,,,,,,,,,,,,,,,,,,,,,,,,,,,N5-3,,,No actual result,,,,,,,,,N5-3,Thêm sản phẩm,,,No product information,,,,,0|i0032n:,,BN Sprint 1,,,,,,,,Unit,,Skip,,,To Do
IT - L 6 Login - Enter at least one numeric value,N5-44,10517,Story,To Do,N5,N5_CT21CT04,software,Thuận Quang,629f6882d442e600684137ca,,Highest,,,,phuongg lee,62980ce6a0eafd0069e8d5a0,phuongg lee,62980ce6a0eafd0069e8d5a0,06/Feb/23 10:35 AM,06/Feb/23 10:40 AM,06/Feb/23 11:23 AM,,,0,Login,Enter at least one numeric value,,phuongg lee,62980ce6a0eafd0069e8d5a0,,,,,,,,,,,,,,,,,,,,,,,,,,,,,,,N5-1,,,Does not exist on the system,,,,,,,,,N5-1,LOGIN,,,Notify Enter at least one numeric value,,,,,0|i0032f:,,BN Sprint 3,,,,,,,,Integration,,Skip,,,To Do
U-ATC 15-Add to cart-Add product to cart,N5-43,10516,Story,To Do,N5,N5_CT21CT04,software,Thuận Quang,629f6882d442e600684137ca,,Medium,,,,Phuc Mai,629810e7cd636500697caeb0,Phuc Mai,629810e7cd636500697caeb0,06/Feb/23 10:34 AM,06/Feb/23 10:34 AM,06/Feb/23 11:23 AM,,,0,addtocart,,,Phuc Mai,629810e7cd636500697caeb0,,,,,,,,,,,,,,,,,,,,,,,,,,,,,,,N5-3,06/Feb/23 10:31 AM;ug:2044195a-f36f-493c-87d2-070fe831c35d;Screenshot 2023-02-06 103147.png;https://lequangthuan.atlassian.net/secure/attachment/10192/Screenshot+2023-02-06+103147.png,,Product added to cart,,,,,,,,,N5-3,Thêm sản phẩm,,,Product added to cart,,,,,0|i00327:,,BN Sprint 1,,,,,,,,Unit,"B1 Choose product,B2 Click cart",Pass,,,To Do
IT - L 5 Login - New Password must not be blank,N5-42,10515,Story,To Do,N5,N5_CT21CT04,software,Thuận Quang,629f6882d442e600684137ca,,Highest,,,,phuongg lee,62980ce6a0eafd0069e8d5a0,phuongg lee,62980ce6a0eafd0069e8d5a0,06/Feb/23 10:30 AM,06/Feb/23 10:40 AM,06/Feb/23 11:23 AM,,,0,Login,New Password must not be blank,,phuongg lee,62980ce6a0eafd0069e8d5a0,,,,,,,,,,,,,,,,,,,,,,,,,,,,,,,N5-1,,,Does not exist on the system,,,,,,,,,N5-1,LOGIN,,,"Error message when New Password must not be blank
",,,,,0|i0031z:,,BN Sprint 3,,,,,,,,,,Skip,,,To Do
SY-L 4 Login - Old Password must not be blank,N5-41,10514,Story,To Do,N5,N5_CT21CT04,software,Thuận Quang,629f6882d442e600684137ca,,Medium,,,,Minh cong,62980c5dc3dffc0068f5bc00,Minh cong,62980c5dc3dffc0068f5bc00,06/Feb/23 10:27 AM,06/Feb/23 10:43 AM,06/Feb/23 10:43 AM,,,0,Signup,Old Password must not be blank,,Minh cong,62980c5dc3dffc0068f5bc00,,,,,,,,,,,,,,,,,,,,,,,,,,,,,,,N5-2,,,need to update on the system,,,,,,,,,N5-2,Đăng Ký,,,not on the system,,,,,0|i0031r:,,BN Sprint 2,,,,,,,,System,,Skip,,,To Do
IT - L 4 Login - Old Password must not be blank,N5-40,10513,Story,To Do,N5,N5_CT21CT04,software,Thuận Quang,629f6882d442e600684137ca,,Highest,,,,phuongg lee,62980ce6a0eafd0069e8d5a0,phuongg lee,62980ce6a0eafd0069e8d5a0,06/Feb/23 10:19 AM,06/Feb/23 10:41 AM,06/Feb/23 11:23 AM,,,0,Login, Old Password must not be blank,,phuongg lee,62980ce6a0eafd0069e8d5a0,,,,,,,,,,,,,,,,,,,,,,,,,,,,,,,N5-1,,,Does not exist on the system,,,,,,,,,N5-1,LOGIN,,,"Error message when this field is empty
",,,,,0|i0031j:,,BN Sprint 3,,,,,,,,Integration,,Skip,,,To Do
IT - S 14 Sign up - Pin - First character cannot have space,N5-39,10512,Story,To Do,N5,N5_CT21CT04,software,Thuận Quang,629f6882d442e600684137ca,,Medium,,,,phuongg lee,62980ce6a0eafd0069e8d5a0,phuongg lee,62980ce6a0eafd0069e8d5a0,06/Feb/23 10:10 AM,06/Feb/23 10:10 AM,06/Feb/23 11:23 AM,,,0,Signup, First character cannot have space,,phuongg lee,62980ce6a0eafd0069e8d5a0,,,,,,,,,,,,,,,,,,,,,,,,,,,,,,,N5-2,06/Feb/23 10:09 AM;ug:08efb4fd-f698-45da-a2c2-ac2962e4e722;image-20230206-030948.png;https://lequangthuan.atlassian.net/secure/attachment/10189/image-20230206-030948.png,06/Feb/23 10:10 AM;ug:08efb4fd-f698-45da-a2c2-ac2962e4e722;image-20230206-031015.png;https://lequangthuan.atlassian.net/secure/attachment/10190/image-20230206-031015.png,"Error checking successful
",,,,,,,,,N5-2,Đăng Ký,,,"Error message when this field is empty
",,,,,0|i0031b:,,BN Sprint 3,,,,,,,,Integration,"1. Enter a space in the Pin field
2. Check
",Pass,,,To Do
SY-S 15 Sign up-Pin - Characters are not allowed,N5-38,10511,Story,To Do,N5,N5_CT21CT04,software,Thuận Quang,629f6882d442e600684137ca,,Highest,,,,Minh cong,62980c5dc3dffc0068f5bc00,Minh cong,62980c5dc3dffc0068f5bc00,06/Feb/23 10:02 AM,06/Feb/23 10:07 AM,06/Feb/23 11:23 AM,,,0,Signup,Characters are not allowed,,Minh cong,62980c5dc3dffc0068f5bc00,,,,,,,,,,,,,,,,,,,,,,,,,,,,,,,N5-2,,,You are not authorized to log in to this section,,,,,,,,,N5-2,Đăng Ký,,,You are not authorized to log in to this section,,,,,0|i00313:,,BN Sprint 2,,,,,,,,System,,Skip,,,To Do
IT - S 13 Sign up - Pin - Special characters are not allowed,N5-37,10510,Story,To Do,N5,N5_CT21CT04,software,Thuận Quang,629f6882d442e600684137ca,,Medium,,,,phuongg lee,62980ce6a0eafd0069e8d5a0,phuongg lee,62980ce6a0eafd0069e8d5a0,06/Feb/23 10:02 AM,06/Feb/23 10:05 AM,06/Feb/23 11:23 AM,,,0,Signup, Special characters are not allowed,,phuongg lee,62980ce6a0eafd0069e8d5a0,,,,,,,,,,,,,,,,,,,,,,,,,,,,,,,N5-2,06/Feb/23 9:57 AM;ug:08efb4fd-f698-45da-a2c2-ac2962e4e722;image-20230206-025732.png;https://lequangthuan.atlassian.net/secure/attachment/10188/image-20230206-025732.png,06/Feb/23 9:58 AM;ug:08efb4fd-f698-45da-a2c2-ac2962e4e722;image-20230206-025827.png;https://lequangthuan.atlassian.net/secure/attachment/10187/image-20230206-025827.png,"Error checking successful
",,,,,,,,,N5-2,Đăng Ký,,,"Errors appear :  Special characters are not allowed
",,,,,0|i0030v:,,BN Sprint 3,,,,,,,,Integration,"1. Enter special characters in the Pin field 
2. Check
",Pass,,,To Do
U-L 10 Login - Passwords do not Match,N5-36,10509,Story,To Do,N5,N5_CT21CT04,software,Thuận Quang,629f6882d442e600684137ca,,Highest,,,,Phuc Mai,629810e7cd636500697caeb0,Phuc Mai,629810e7cd636500697caeb0,06/Feb/23 9:58 AM,06/Feb/23 10:40 AM,06/Feb/23 10:40 AM,,,0,Login,,,Phuc Mai,629810e7cd636500697caeb0,,,,,,,,,,,,,,,,,,,,,,,,,,,,,,,N5-1,,,No actual result,,,,,,,,,N5-1,LOGIN,,,Passwords do not Match,,,,,0|i0030n:,,BN Sprint 1,,,,,,,,Unit,,Skip,,,To Do
SY-S 17 Sign up-Pin - First character cannot have space,N5-35,10508,Story,To Do,N5,N5_CT21CT04,software,Thuận Quang,629f6882d442e600684137ca,,Medium,,,,Minh cong,62980c5dc3dffc0068f5bc00,Minh cong,62980c5dc3dffc0068f5bc00,06/Feb/23 9:57 AM,06/Feb/23 10:08 AM,06/Feb/23 11:23 AM,,,0,Signup,,,Minh cong,62980c5dc3dffc0068f5bc00,,,,,,,,,,,,,,,,,,,,,,,,,,,,,,,N5-2,06/Feb/23 9:54 AM;ug:547f24b8-c402-4d34-821b-336e9b7d5e1e;image-20230206-025421.png;https://lequangthuan.atlassian.net/secure/attachment/10186/image-20230206-025421.png,06/Feb/23 9:54 AM;ug:547f24b8-c402-4d34-821b-336e9b7d5e1e;image-20230206-025436.png;https://lequangthuan.atlassian.net/secure/attachment/10185/image-20230206-025436.png,error check successful,,,,,,,,,N5-2,Đăng Ký,,,"
The OTP is invalid or has expired. Please try again",,,,,0|i0030f:,,BN Sprint 2,,,,,,,,System,"B1 First character  have space ,B2 Click confirm",Pass,,,To Do
U-L 9 Login - Confirm Password must not be blank,N5-34,10507,Story,To Do,N5,N5_CT21CT04,software,Thuận Quang,629f6882d442e600684137ca,,Highest,,,,Phuc Mai,629810e7cd636500697caeb0,Phuc Mai,629810e7cd636500697caeb0,06/Feb/23 9:57 AM,06/Feb/23 10:43 AM,06/Feb/23 10:43 AM,,,0,,,,Phuc Mai,629810e7cd636500697caeb0,,,,,,,,,,,,,,,,,,,,,,,,,,,,,,,N5-1,,,No actial result,,,,,,,,,N5-1,LOGIN,,,Confirm Password must not be blank,,,,,0|i00307:,,BN Sprint 1,,,,,,,,Unit,,Skip,,,To Do
U-L 8 Login - Choose a difficult Password,N5-33,10506,Story,To Do,N5,N5_CT21CT04,software,Thuận Quang,629f6882d442e600684137ca,,Highest,,,,Phuc Mai,629810e7cd636500697caeb0,Phuc Mai,629810e7cd636500697caeb0,06/Feb/23 9:54 AM,06/Feb/23 10:45 AM,06/Feb/23 10:45 AM,,,0,Login,,,Phuc Mai,629810e7cd636500697caeb0,,,,,,,,,,,,,,,,,,,,,,,,,,,,,,,N5-1,,,No actual result,,,,,,,,,N5-1,LOGIN,,,Choose a difficult Password,,,,,0|i002zz:,,BN Sprint 1,,,,,,,,Unit,,Skip,,,To Do
U-L 7 Login - Enter at-least one special character,N5-32,10505,Story,To Do,N5,N5_CT21CT04,software,Thuận Quang,629f6882d442e600684137ca,,Highest,,,,Phuc Mai,629810e7cd636500697caeb0,Phuc Mai,629810e7cd636500697caeb0,06/Feb/23 9:52 AM,06/Feb/23 10:46 AM,06/Feb/23 10:46 AM,,,0,Login,,,Phuc Mai,629810e7cd636500697caeb0,,,,,,,,,,,,,,,,,,,,,,,,,,,,,,,N5-1,,,No actual result,,,,,,,,,N5-1,LOGIN,,,Enter at-least one special characte,,,,,0|i002zr:,,BN Sprint 1,,,,,,,,Unit,,Skip,,,To Do
U-L 6 Login - Enter at-least one numeric value,N5-31,10504,Story,To Do,N5,N5_CT21CT04,software,Thuận Quang,629f6882d442e600684137ca,,Highest,,,,Phuc Mai,629810e7cd636500697caeb0,Phuc Mai,629810e7cd636500697caeb0,06/Feb/23 9:50 AM,06/Feb/23 10:47 AM,06/Feb/23 10:47 AM,,,0,Login,,,Phuc Mai,629810e7cd636500697caeb0,,,,,,,,,,,,,,,,,,,,,,,,,,,,,,,N5-1,,,No actual resutl,,,,,,,,,N5-1,LOGIN,,,Enter at-least one numeric value,,,,,0|i002zj:,,BN Sprint 1,,,,,,,,Unit,,Skip,,,To Do
SY-S13 Sign up-Pin – Special characters are not allowed,N5-30,10503,Story,To Do,N5,N5_CT21CT04,software,Thuận Quang,629f6882d442e600684137ca,,Medium,,,,Minh cong,62980c5dc3dffc0068f5bc00,Minh cong,62980c5dc3dffc0068f5bc00,06/Feb/23 9:50 AM,06/Feb/23 11:02 AM,06/Feb/23 11:23 AM,,,0,Signup,"!image-20230206-024837.png|width=358,height=242!",,Minh cong,62980c5dc3dffc0068f5bc00,,,,,,,,,N5-52,N5-61,N5-64,,,,,,,,,,,,,,,,,,,,N5-2,06/Feb/23 9:50 AM;ug:547f24b8-c402-4d34-821b-336e9b7d5e1e;image-20230206-024837.png;https://lequangthuan.atlassian.net/secure/attachment/10183/image-20230206-024837.png,,"
Do not use special characters in OTP",,,,,,,,,N5-2,Đăng Ký,,,"
Do not use special characters in OTP",,,,,0|i002zb:,,BN Sprint 2,,,,,,,,System,"B1 Enter Telephone Number,B2 Special characters are allowed",Pass,,,To Do
IT - S 12 Sign up - Pin - PIN Code must not be blank,N5-29,10502,Story,To Do,N5,N5_CT21CT04,software,Thuận Quang,629f6882d442e600684137ca,,Medium,,,,phuongg lee,62980ce6a0eafd0069e8d5a0,phuongg lee,62980ce6a0eafd0069e8d5a0,06/Feb/23 9:46 AM,06/Feb/23 10:04 AM,06/Feb/23 11:23 AM,,,0,Signup,PIN Code must not be blank,,phuongg lee,62980ce6a0eafd0069e8d5a0,,,,,,,,,,,,,,,,,,,,,,,,,,,,,,,N5-2,06/Feb/23 9:42 AM;ug:08efb4fd-f698-45da-a2c2-ac2962e4e722;image-20230206-024235.png;https://lequangthuan.atlassian.net/secure/attachment/10180/image-20230206-024235.png,,"Error checking successful
",,,,,,,,,N5-2,Đăng Ký,,,"Errors appear :  Pin Field must not be blank
",,,,,0|i002z3:,,BN Sprint 3,,,,,,,,Integration,"1. Leave the Pin blank
2. Check
",Pass,,,To Do
SY-S12 Sign up-Pin - PIN Code must not be blank,N5-28,10501,Story,To Do,N5,N5_CT21CT04,software,Thuận Quang,629f6882d442e600684137ca,,Medium,,,,Minh cong,62980c5dc3dffc0068f5bc00,Minh cong,62980c5dc3dffc0068f5bc00,06/Feb/23 9:45 AM,06/Feb/23 10:07 AM,06/Feb/23 11:23 AM,,,0,Signup,,,Minh cong,62980c5dc3dffc0068f5bc00,,,,,,,,,,,,,,,,,,,,,,,,,,,,,,,N5-2,06/Feb/23 9:43 AM;ug:547f24b8-c402-4d34-821b-336e9b7d5e1e;z4087203798218_25b4edb2d316e9c18f41ff3631a73c17.jpg;https://lequangthuan.atlassian.net/secure/attachment/10177/z4087203798218_25b4edb2d316e9c18f41ff3631a73c17.jpg,,error check successful,,,,,,,,,N5-2,Đăng Ký,,,The OTP is invalid or has expired. Please try again.,,,,,0|i002yv:,,BN Sprint 2,,,,,,,,System,"B1 Telephone Number ,B2 PIN Code must blank",Pass,,,To Do
U-L 5 Login - New Password must not be blank,N5-27,10500,Story,To Do,N5,N5_CT21CT04,software,Thuận Quang,629f6882d442e600684137ca,,Medium,,,,Phuc Mai,629810e7cd636500697caeb0,Phuc Mai,629810e7cd636500697caeb0,06/Feb/23 9:44 AM,06/Feb/23 10:48 AM,06/Feb/23 10:48 AM,,,0,,,,Phuc Mai,629810e7cd636500697caeb0,,,,,,,,,,,,,,,,,,,,,,,,,,,,,,,N5-1,,,"
no actual results",,,,,,,,,N5-1,LOGIN,,,New Password must not be blank,,,,,0|i002yn:,,BN Sprint 1,,,,,,,,Unit,,Skip,,,To Do
U-L 4 Login - Old Password must not be blank,N5-26,10499,Story,To Do,N5,N5_CT21CT04,software,Thuận Quang,629f6882d442e600684137ca,,Highest,,,,Phuc Mai,629810e7cd636500697caeb0,Phuc Mai,629810e7cd636500697caeb0,06/Feb/23 9:40 AM,06/Feb/23 10:49 AM,06/Feb/23 10:49 AM,,,0,Login,,,Phuc Mai,629810e7cd636500697caeb0,,,,,,,,,,,,,,,,,,,,,,,,,,,,,,,N5-1,,,Old Password must not be blank,,,,,,,,,N5-1,LOGIN,,,Old Password must not be blank,,,,,0|i002yf:,,BN Sprint 1,,,,,,,,Unit,,Skip,,,To Do
SY-S 11 Sign up-Pin – PIN Code must have 6 Digits,N5-25,10498,Story,To Do,N5,N5_CT21CT04,software,Thuận Quang,629f6882d442e600684137ca,,Medium,,,,Minh cong,62980c5dc3dffc0068f5bc00,Minh cong,62980c5dc3dffc0068f5bc00,06/Feb/23 9:38 AM,06/Feb/23 10:08 AM,06/Feb/23 11:23 AM,,,0,Signup,,,Minh cong,62980c5dc3dffc0068f5bc00,,,,,,,,,,,,,,,,,,,,,,,,,,,,,,,N5-2,06/Feb/23 9:30 AM;ug:547f24b8-c402-4d34-821b-336e9b7d5e1e;image-20230206-023015.png;https://lequangthuan.atlassian.net/secure/attachment/10163/image-20230206-023015.png,,error check successful,,,,,,,,,N5-2,Đăng Ký,,,An OTP (6 digits) has been sent to your phone number (Zalo/Sms). Please enter the OTP to continue,,,,,0|i002y7:,,BN Sprint 2,,,,,,,,System,"B1 Enter Telephone Number,B2 Click sign up",Pass,,,To Do
U-S 8 Sign up-Pin - Characters are not allowed,N5-20,10497,Story,To Do,N5,N5_CT21CT04,software,Thuận Quang,629f6882d442e600684137ca,,Medium,,,,Phuc Mai,629810e7cd636500697caeb0,Phuc Mai,629810e7cd636500697caeb0,06/Feb/23 9:30 AM,06/Feb/23 10:50 AM,06/Feb/23 10:50 AM,,,0,,,,Phuc Mai,629810e7cd636500697caeb0,,,,,,,,,,,,,,,,,,,,,,,,,,,,,,,N5-2,,,You are not authorized to log in to this section,,,,,,,,,N5-2,Đăng Ký,,,You are not authorized to log in to this section,,,,,0|i002xz:,,BN Sprint 1,,,,,,,,Unit,,Skip,,,To Do
IT - S 11 Sign up - Pin - PIN Code must have 6 Digits,N5-24,10495,Story,To Do,N5,N5_CT21CT04,software,Thuận Quang,629f6882d442e600684137ca,,Medium,,,,phuongg lee,62980ce6a0eafd0069e8d5a0,phuongg lee,62980ce6a0eafd0069e8d5a0,06/Feb/23 9:23 AM,06/Feb/23 10:53 AM,06/Feb/23 11:23 AM,,,0,Signup,PIN Code must have 6 Digits,,phuongg lee,62980ce6a0eafd0069e8d5a0,,,,,,,,,,,,,,,,,,,,,,,,,,,,,,,N5-2,06/Feb/23 9:12 AM;ug:08efb4fd-f698-45da-a2c2-ac2962e4e722;image-20230206-021227.png;https://lequangthuan.atlassian.net/secure/attachment/10162/image-20230206-021227.png,,Error checking successful,,,,,,,,,N5-2,Đăng Ký,,,"Error message when pin code has more or less than 6 digits
",,,,,0|i002xj:,,BN Sprint 3,,,,,,,,Integration,"1. Enter your phone number
2. Check the pin code sent to the device",Pass,,,To Do
U-S 14 Sign up-Pin - First character cannot have space,N5-18,10494,Story,To Do,N5,N5_CT21CT04,software,Thuận Quang,629f6882d442e600684137ca,,High,,,,Phuc Mai,629810e7cd636500697caeb0,Phuc Mai,629810e7cd636500697caeb0,06/Feb/23 9:22 AM,06/Feb/23 10:06 AM,06/Feb/23 11:23 AM,,,0,Signup,,,Phuc Mai,629810e7cd636500697caeb0,,,,,,,,,,,,,,,,,,,,,,,,,,,,,,,N5-2,06/Feb/23 9:19 AM;ug:2044195a-f36f-493c-87d2-070fe831c35d;Screenshot 2023-02-06 091922.png;https://lequangthuan.atlassian.net/secure/attachment/10161/Screenshot+2023-02-06+091922.png,06/Feb/23 9:19 AM;ug:2044195a-f36f-493c-87d2-070fe831c35d;Screenshot 2023-02-06 091937.png;https://lequangthuan.atlassian.net/secure/attachment/10160/Screenshot+2023-02-06+091937.png,"
The OTP is invalid or has expired. Please try again",,,,,,,,,N5-2,Đăng Ký,,,"
The OTP is invalid or has expired. Please try again",,,,,0|i002xb:,,BN Sprint 1,,,,,,,,Unit,"B1 First character  have space ,B2 Click confirm",Pass,,,To Do
U-S 13 Sign up-Pin – Special characters are not allowed,N5-17,10493,Story,To Do,N5,N5_CT21CT04,software,Thuận Quang,629f6882d442e600684137ca,,Medium,,,,Phuc Mai,629810e7cd636500697caeb0,Phuc Mai,629810e7cd636500697caeb0,06/Feb/23 9:17 AM,06/Feb/23 10:07 AM,06/Feb/23 11:23 AM,,,0,Signup,,,Phuc Mai,629810e7cd636500697caeb0,,,,,,,,,,,,,,,,,,,,,,,,,,,,,,,N5-2,06/Feb/23 9:15 AM;ug:2044195a-f36f-493c-87d2-070fe831c35d;Screenshot 2023-02-06 091445.png;https://lequangthuan.atlassian.net/secure/attachment/10159/Screenshot+2023-02-06+091445.png,06/Feb/23 9:48 AM;ug:547f24b8-c402-4d34-821b-336e9b7d5e1e;image-20230206-024821.png;https://lequangthuan.atlassian.net/secure/attachment/10182/image-20230206-024821.png,The OTP is invalid or has expired. Please try again.,,,,,,,,,N5-2,Đăng Ký,,,"
Do not use special characters in OTP",,,,,0|i002x3:,,BN Sprint 1,,,,,,,,Unit,"B1 Enter Telephone Number,B2 Special characters are allowed",Pass,,,To Do
SY-L 3 Login-  Telephone Number - First character cannot have space,N5-16,10492,Story,To Do,N5,N5_CT21CT04,software,Thuận Quang,629f6882d442e600684137ca,,Medium,,,,Minh cong,62980c5dc3dffc0068f5bc00,Minh cong,62980c5dc3dffc0068f5bc00,06/Feb/23 9:15 AM,06/Feb/23 10:53 AM,06/Feb/23 11:23 AM,,,0,Login,Enter a space in the box for the phone number,,Minh cong,62980c5dc3dffc0068f5bc00,,,,,,,,,N5-56,N5-57,,,,,,,,,,,,,,,,,,,,,N5-2,06/Feb/23 9:05 AM;ug:547f24b8-c402-4d34-821b-336e9b7d5e1e;image-20230206-020540.png;https://lequangthuan.atlassian.net/secure/attachment/10157/image-20230206-020540.png,,error check successful,,,,,,,,,N5-1,LOGIN,,,Error messages leave spaces,,,,,0|i002wv:,,BN Sprint 2,,,,,,,,System,"1 enter a space
2 check error message",Pass,,,To Do
U-S 12 Sign up-Pin - PIN Code must not be blank,N5-15,10491,Story,To Do,N5,N5_CT21CT04,software,Thuận Quang,629f6882d442e600684137ca,,High,,,,Phuc Mai,629810e7cd636500697caeb0,Phuc Mai,629810e7cd636500697caeb0,06/Feb/23 9:11 AM,06/Feb/23 10:08 AM,06/Feb/23 11:23 AM,,,0,Signup,,,Phuc Mai,629810e7cd636500697caeb0,,,,,,,,,,,,,,,,,,,,,,,,,,,,,,,N5-2,06/Feb/23 9:43 AM;ug:547f24b8-c402-4d34-821b-336e9b7d5e1e;image-20230206-024307.png;https://lequangthuan.atlassian.net/secure/attachment/10175/image-20230206-024307.png,,The OTP is invalid or has expired. Please try again.,,,,,,,,,N5-2,Đăng Ký,,,The OTP is invalid or has expired. Please try again.,,,,,0|i002wn:,,BN Sprint 1,,,,,,,,Unit,"B1 Telephone Number ,B2 PIN Code must blank",Pass,,,To Do
IT - L 3 Login -  Telephone Number - First character cannot have space,N5-23,10490,Story,To Do,N5,N5_CT21CT04,software,Thuận Quang,629f6882d442e600684137ca,,Medium,,,,phuongg lee,62980ce6a0eafd0069e8d5a0,phuongg lee,62980ce6a0eafd0069e8d5a0,06/Feb/23 9:06 AM,06/Feb/23 10:25 AM,06/Feb/23 11:23 AM,,,0,Login, First character cannot have space,,phuongg lee,62980ce6a0eafd0069e8d5a0,,,,,,,,,,,,,,,,,,,,,,,,,,,,,,,N5-1,06/Feb/23 9:04 AM;ug:08efb4fd-f698-45da-a2c2-ac2962e4e722;image-20230206-020437.png;https://lequangthuan.atlassian.net/secure/attachment/10155/image-20230206-020437.png,,"Error checking successful
",,,,,,,,,N5-1,LOGIN,,,"Error message when first character has a space
",,,,,0|i002wf:,,BN Sprint 3,,,,,,,,Integration,"1. Enter a space before the first character
2. Check
",Pass,,,To Do
U-S 11 Sign up-Pin – PIN Code must have 6 Digits,N5-14,10489,Story,To Do,N5,N5_CT21CT04,software,Thuận Quang,629f6882d442e600684137ca,,Highest,,,,Phuc Mai,629810e7cd636500697caeb0,Phuc Mai,629810e7cd636500697caeb0,06/Feb/23 9:06 AM,06/Feb/23 10:08 AM,06/Feb/23 11:23 AM,,,0,Signup,,,Phuc Mai,629810e7cd636500697caeb0,,,,,,,,,,,,,,,,,,,,,,,,,,,,,,,N5-2,06/Feb/23 9:04 AM;ug:2044195a-f36f-493c-87d2-070fe831c35d;328031600_451853507057242_5148421466138507740_n.jpg;https://lequangthuan.atlassian.net/secure/attachment/10154/328031600_451853507057242_5148421466138507740_n.jpg,,"
An OTP (6 digits) has been sent to your phone number (Zalo/Sms). Please enter the OTP to continue",,,,,,,,,N5-2,Đăng Ký,,,"
An OTP (6 digits) has been sent to your phone number (Zalo/Sms). Please enter the OTP to continue",,,,,0|i002w7:,,BN Sprint 1,,,,,,,,Unit,"B1 Enter Telephone Number,B2 Click sign up",Pass,,,To Do
U-S 3 Sign up -Pin – PIN Code must have 6 Digits,N5-13,10488,Story,To Do,N5,N5_CT21CT04,software,Thuận Quang,629f6882d442e600684137ca,,Medium,,,,Phuc Mai,629810e7cd636500697caeb0,Phuc Mai,629810e7cd636500697caeb0,06/Feb/23 9:03 AM,06/Feb/23 10:09 AM,06/Feb/23 11:23 AM,,,0,,,,Phuc Mai,629810e7cd636500697caeb0,,,,,,,,,,,,,,,,,,,,,,,,,,,,,,,,06/Feb/23 8:58 AM;ug:2044195a-f36f-493c-87d2-070fe831c35d;328031600_451853507057242_5148421466138507740_n.jpg;https://lequangthuan.atlassian.net/secure/attachment/10153/328031600_451853507057242_5148421466138507740_n.jpg,,"
An OTP (6 digits) has been sent to your phone number (Zalo/Sms). Please enter the OTP to continue",,,,,,,,,,,,,"
An OTP (6 digits) has been sent to your phone number (Zalo/Sms). Please enter the OTP to continue",,,,,0|i002vz:,,,,,,,,,,,"B1 Enter Telephone Number,B2 Click Sign up",Pass,,,To Do
SY-L 2 Login- Telephone Number – Mobile no must not be blank,N5-12,10487,Story,To Do,N5,N5_CT21CT04,software,Thuận Quang,629f6882d442e600684137ca,,Medium,,,,Minh cong,62980c5dc3dffc0068f5bc00,Minh cong,62980c5dc3dffc0068f5bc00,06/Feb/23 9:02 AM,06/Feb/23 10:10 AM,06/Feb/23 11:23 AM,,,0,Login,Do not leave the phone number against,,Minh cong,62980c5dc3dffc0068f5bc00,,,,,,,,,,,,,,,,,,,,,,,,,,,,,,,N5-10,06/Feb/23 8:51 AM;ug:547f24b8-c402-4d34-821b-336e9b7d5e1e;image-20230206-015133.png;https://lequangthuan.atlassian.net/secure/attachment/10152/image-20230206-015133.png,,error check successful,,,,,,,,,N5-1,LOGIN,,,Special character are not allowed,,,,,0|i002vr:,,BN Sprint 2,,,,,,,,System,"1 Do not enter characters in the phone box
2 check error message",Pass,,,To Do
IT - L 2 Login - Telephone Number - Mobile no must not be blank,N5-22,10486,Story,To Do,N5,N5_CT21CT04,software,Thuận Quang,629f6882d442e600684137ca,,Medium,,,,phuongg lee,62980ce6a0eafd0069e8d5a0,phuongg lee,62980ce6a0eafd0069e8d5a0,06/Feb/23 8:54 AM,06/Feb/23 10:25 AM,06/Feb/23 11:23 AM,,,0,Login, Mobile no must not be blank,,phuongg lee,62980ce6a0eafd0069e8d5a0,,,,,,,,,,,,,,,,,,,,,,,,,,,,,,,N5-1,06/Feb/23 8:52 AM;ug:08efb4fd-f698-45da-a2c2-ac2962e4e722;image-20230206-015218.png;https://lequangthuan.atlassian.net/secure/attachment/10148/image-20230206-015218.png,,"Error checking successful
",,,,,,,,,N5-1,LOGIN,,,Telephone Number must not be blank,,,,,0|i002vj:,,BN Sprint 3,,,,,,,,Integration,"1.  Leave the input field blank
2. Check",Pass,,,To Do
U-L 3 Login-  Telephone Number - First character cannot have space,N5-11,10485,Story,To Do,N5,N5_CT21CT04,software,Thuận Quang,629f6882d442e600684137ca,,Medium,,,,Phuc Mai,629810e7cd636500697caeb0,Phuc Mai,629810e7cd636500697caeb0,06/Feb/23 8:52 AM,06/Feb/23 10:07 AM,06/Feb/23 11:23 AM,,,0,Login,,,Phuc Mai,629810e7cd636500697caeb0,,,,,,,,,,,,,,,,,,,,,,,,,,,,,,,N5-1,06/Feb/23 8:51 AM;ug:2044195a-f36f-493c-87d2-070fe831c35d;Screenshot 2023-02-06 085106.png;https://lequangthuan.atlassian.net/secure/attachment/10147/Screenshot+2023-02-06+085106.png,,Phone number invalid,,,,,,,,,N5-1,LOGIN,,,Phone number invalid,,,,,0|i002vb:,,BN Sprint 1,,,,,,,,Unit,"B1 First character  have space, B2 Click login",Pass,,,To Do
U-L 2 Login- Telephone Number – Mobile no must not be blank,N5-10,10484,Story,To Do,N5,N5_CT21CT04,software,Thuận Quang,629f6882d442e600684137ca,,Medium,,,,Phuc Mai,629810e7cd636500697caeb0,Phuc Mai,629810e7cd636500697caeb0,06/Feb/23 8:45 AM,06/Feb/23 10:07 AM,06/Feb/23 11:23 AM,,,0,Login,,,Phuc Mai,629810e7cd636500697caeb0,,,,,,,,,N5-12,,,,,,,,,,,,,,,,,,,,,,N5-1,06/Feb/23 8:42 AM;ug:2044195a-f36f-493c-87d2-070fe831c35d;Screenshot 2023-02-06 084219.png;https://lequangthuan.atlassian.net/secure/attachment/10146/Screenshot+2023-02-06+084219.png,,Invalid phone number. Please try again.,,,,,,,,,N5-1,LOGIN,,,Invalid phone number. Please try again.,,,,,0|i002v3:,,BN Sprint 1,,,,,,,,Unit,"B1 Blank ,B2 Click login",Pass,,,To Do
SY-L 1 Login -Telephone Number  – Character are not allowed,N5-9,10483,Story,To Do,N5,N5_CT21CT04,software,Thuận Quang,629f6882d442e600684137ca,,Medium,,,,Minh cong,62980c5dc3dffc0068f5bc00,Minh cong,62980c5dc3dffc0068f5bc00,06/Feb/23 8:45 AM,06/Feb/23 10:09 AM,06/Feb/23 11:23 AM,,,0,Login,Enter special characters in the login form,,Minh cong,62980c5dc3dffc0068f5bc00,,,,,,,,,,,,,,,,,,,,,,,,,,,,,,,N5-1,06/Feb/23 8:35 AM;ug:547f24b8-c402-4d34-821b-336e9b7d5e1e;Screenshot 2023-02-06 082145.png;https://lequangthuan.atlassian.net/secure/attachment/10145/Screenshot+2023-02-06+082145.png,,Error check successful,,,,,,,,,N5-1,LOGIN,,,Special character are not allowed,,,,,0|i002uv:,,BN Sprint 2,,,,,,,,System,"1 Enter special characters in the form
2 Check the notification form",Pass,,,To Do
IT - L 1 Login - Telephone Number - Character are not allowed,N5-21,10482,Story,To Do,N5,N5_CT21CT04,software,Thuận Quang,629f6882d442e600684137ca,,Medium,,,,phuongg lee,62980ce6a0eafd0069e8d5a0,phuongg lee,62980ce6a0eafd0069e8d5a0,06/Feb/23 8:41 AM,06/Feb/23 10:24 AM,06/Feb/23 11:23 AM,,,0,Login,h1. Character are not allowed,,phuongg lee,62980ce6a0eafd0069e8d5a0,,,,,,,,,,,,,,,,,,,,,,,,,,,,,,,N5-1,06/Feb/23 9:01 AM;ug:08efb4fd-f698-45da-a2c2-ac2962e4e722;Screenshot 2023-02-06 090134.png;https://lequangthuan.atlassian.net/secure/attachment/10151/Screenshot+2023-02-06+090134.png,,Error checking successful,,,,,,,,,N5-1,LOGIN,,,"Special characters are not allowed
",,,,,0|i002un:,,BN Sprint 3,,,,,,,,Integration,"1. Enter special characters
2. Check",Pass,,,To Do
U-L 1 Login -Telephone Number  – Character are not allowed,N5-8,10481,Story,To Do,N5,N5_CT21CT04,software,Thuận Quang,629f6882d442e600684137ca,,Medium,,,,Phuc Mai,629810e7cd636500697caeb0,Phuc Mai,629810e7cd636500697caeb0,06/Feb/23 8:33 AM,06/Feb/23 10:06 AM,06/Feb/23 11:23 AM,,,0,Login,,,Phuc Mai,629810e7cd636500697caeb0,,,,,,,,,,,,,,,,,,,,,,,,,,,,,,,N5-1,06/Feb/23 8:26 AM;ug:2044195a-f36f-493c-87d2-070fe831c35d;Screenshot 2023-02-06 082625.png;https://lequangthuan.atlassian.net/secure/attachment/10143/Screenshot+2023-02-06+082625.png,,"
Shows error message invalid phone number. Please try again.",,,,,,,,,N5-1,LOGIN,,,"
Shows error message invalid phone number. Please try again.",,,,,0|i002uf:,,BN Sprint 1,,,,,,,,Unit,"B1 Enter @, B2  click login",Pass,,,To Do
Mua Hàng,N5-7,10480,Epic,To Do,N5,N5_CT21CT04,software,Thuận Quang,629f6882d442e600684137ca,,Medium,,,,Minh cong,62980c5dc3dffc0068f5bc00,Minh cong,62980c5dc3dffc0068f5bc00,06/Feb/23 7:58 AM,06/Feb/23 11:21 AM,06/Feb/23 11:23 AM,,,0,,,,Minh cong,62980c5dc3dffc0068f5bc00,,,,,,,,,N5-79,,,,,,,,,,,,,,,,,,,,,,,,,,,,,,,,,ghx-label-7,,,Mua Hàng,To Do,,,purple,,,0|i002u7:,,,,,,,,,,,,,,,To Do
Tìm kiếm sản phẩm,N5-6,10479,Epic,To Do,N5,N5_CT21CT04,software,Thuận Quang,629f6882d442e600684137ca,,Medium,,,,Minh cong,62980c5dc3dffc0068f5bc00,Minh cong,62980c5dc3dffc0068f5bc00,06/Feb/23 7:58 AM,06/Feb/23 11:16 AM,06/Feb/23 11:23 AM,,,0,,,,Minh cong,62980c5dc3dffc0068f5bc00,,,,,,,,,N5-63,N5-70,N5-72,N5-74,,,,,,,,,,,,,,,,,,,,,,,,,,,,,,ghx-label-7,,,Tìm kiếm sản phẩm,To Do,,,purple,,,0|i002tz:,,,,,,,,,,,,,,,To Do
Xóa,N5-5,10478,Epic,To Do,N5,N5_CT21CT04,software,Thuận Quang,629f6882d442e600684137ca,,Medium,,,,Minh cong,62980c5dc3dffc0068f5bc00,Minh cong,62980c5dc3dffc0068f5bc00,06/Feb/23 7:58 AM,06/Feb/23 11:22 AM,06/Feb/23 11:23 AM,,,0,,,,Minh cong,62980c5dc3dffc0068f5bc00,,,,,,,,,N5-73,,,,,,,,,,,,,,,,,,,,,,,,,,,,,,,,,ghx-label-7,,,Xóa,To Do,,,purple,,,0|i002tr:,,,,,,,,,,,,,,,To Do
Sửa,N5-4,10477,Epic,To Do,N5,N5_CT21CT04,software,Thuận Quang,629f6882d442e600684137ca,,Medium,,,,Minh cong,62980c5dc3dffc0068f5bc00,Minh cong,62980c5dc3dffc0068f5bc00,06/Feb/23 7:58 AM,06/Feb/23 11:20 AM,06/Feb/23 11:23 AM,,,0,,,,Minh cong,62980c5dc3dffc0068f5bc00,,,,,,,,,N5-69,N5-71,N5-76,N5-78,,,,,,,,,,,,,,,,,,,,,,,,,,,,,,ghx-label-7,,,Sửa,To Do,,,purple,,,0|i002tj:,,,,,,,,,,,,,,,To Do
Thêm sản phẩm,N5-3,10476,Epic,To Do,N5,N5_CT21CT04,software,Thuận Quang,629f6882d442e600684137ca,,Medium,,,,Minh cong,62980c5dc3dffc0068f5bc00,Minh cong,62980c5dc3dffc0068f5bc00,06/Feb/23 7:57 AM,06/Feb/23 11:06 AM,06/Feb/23 11:23 AM,,,0,,,,Minh cong,62980c5dc3dffc0068f5bc00,,,,,,,,,N5-43,N5-45,N5-48,N5-50,N5-58,N5-60,N5-62,N5-65,N5-66,N5-67,N5-68,,,,,,,,,,,,,,,,,,,,,,,ghx-label-7,,,Thêm sản phẩm,To Do,,,purple,,,0|i002tb:,,,,,,,,,,,,,,,To Do
Đăng Ký,N5-2,10475,Epic,To Do,N5,N5_CT21CT04,software,Thuận Quang,629f6882d442e600684137ca,,Medium,,,,Minh cong,62980c5dc3dffc0068f5bc00,Minh cong,62980c5dc3dffc0068f5bc00,06/Feb/23 7:57 AM,06/Feb/23 10:27 AM,06/Feb/23 11:23 AM,,,0,,,,Minh cong,62980c5dc3dffc0068f5bc00,,,,,,,,,N5-14,N5-15,N5-16,N5-17,N5-18,N5-24,N5-20,N5-25,N5-28,N5-29,N5-30,N5-35,N5-37,N5-38,N5-39,N5-41,,,,,,,,,,,,,,,,,,ghx-label-7,,,Đăng Ký,To Do,,,purple,,,0|i002t3:,,,,,,,,,,,,,,,To Do
LOGIN,N5-1,10474,Epic,To Do,N5,N5_CT21CT04,software,Thuận Quang,629f6882d442e600684137ca,,Medium,,,,Minh cong,62980c5dc3dffc0068f5bc00,Minh cong,62980c5dc3dffc0068f5bc00,06/Feb/23 7:57 AM,06/Feb/23 10:53 AM,06/Feb/23 11:23 AM,,,0,,,,Minh cong,62980c5dc3dffc0068f5bc00,,,,,,,,,N5-8,N5-21,N5-9,N5-10,N5-11,N5-22,N5-23,N5-26,N5-27,N5-31,N5-32,N5-33,N5-34,N5-36,N5-40,N5-42,N5-44,N5-47,N5-49,N5-51,N5-53,N5-54,,,,,,,,,,,,ghx-label-7,,,Đăng Nhập,To Do,,,purple,,,0|i002sv:,,,,,,,,,,,,,,,To Do
